,channel_title
ESPN,203
The Tonight Show Starring Jimmy Fallon,197
TheEllenShow,193
Netflix,193
Vox,193
The Late Show with Stephen Colbert,187
Jimmy Kimmel Live,186
Late Night with Seth Meyers,183
Screen Junkies,182
NBA,181
CNN,180
Saturday Night Live,175
WIRED,171
BuzzFeedVideo,169
INSIDER,167
The Late Late Show with James Corden,163
TED-Ed,162
Tom Scott,159
WWE,157
CollegeHumor,156
HellthyJunkFood,153
First We Feast,153
Bon Appétit,151
Tasty,151
Warner Bros. Pictures,150
FBE,149
jacksfilms,148
Life Noggin,148
The King of Random,148
Good Mythical Morning,147
Vanity Fair,145
Vogue,140
Safiya Nygaard,139
SciShow,135
20th Century Fox,135
Smosh,133
Dude Perfect,131
Marques Brownlee,130
Great Big Story,128
Marvel Entertainment,125
AsapSCIENCE,124
NFL,123
ABC News,123
The Slow Mo Guys,122
The Voice,121
James Charles,118
Washington Post,115
Simon's Cat,115
Kurzgesagt – In a Nutshell,115
CrazyRussianHacker,115
Binging with Babish,112
Complex,109
NikkieTutorials,109
E! Entertainment,108
You Suck At Cooking,107
Brave Wilderness,106
Team Coco,106
Universal Pictures,106
Star Wars,106
IISuperwomanII,105
NBC News,104
Inside Edition,104
REACT,103
TODAY,102
Hannah Stocking,102
The Film Theorists,102
Tati,102
The Graham Norton Show,102
CinemaSins,101
iJustine,99
The Verge,96
Refinery29,96
Rosanna Pansino,96
CaseyNeistat,95
Watch What Happens Live with Andy Cohen,95
HBO,95
Laura Lee,94
The View,94
BBC News,93
Bad Lip Reading,92
PTXofficial,90
itsAlexClark,90
nigahiga,89
Sony Pictures Entertainment,88
Domics,88
American Idol,87
Nintendo,87
Charlie Puth,84
BBC Radio 1,84
CBS This Morning,84
The Dodo,83
CBS News,82
BuzzFeedBlue,82
Entertainment Tonight,82
Matt Stonie,81
How To Cake It,81
LaurDIY,81
ibighit,80
Unbox Therapy,80
LOL Network,80
The New York Times,79
Michelle Khare,78
ExplosmEntertainment,78
FOX Soccer,77
Focus Features,77
Good Morning America,77
William Osman,77
As/Is,76
Grace Helbig,75
How Ridiculous,75
Will Smith,75
SpaceX,75
TIME,74
Rudy Mancuso,74
Studio C,74
NBC Sports,73
Guava Juice,72
Amber Scholl,72
SMTOWN,72
Lucas the Spider,72
Half as Interesting,71
What's Inside?,70
Simone Giertz,70
vlogbrothers,69
KathleenLights,69
WOWPresents,69
ThreadBanger,69
colinfurze,68
Gus Johnson,68
Linus Tech Tips,68
EverythingApplePro,68
Lele Pons,68
Matthias,68
Hydraulic Press Channel,68
Strictly Dumpling,67
Mr. Kate,65
ColliderVideos,65
Austin Evans,65
AaronsAnimals,65
Billboard,64
jypentertainment,64
Cut,64
Mike Boyd,63
The School of Life,63
Markiplier,63
Tyler Oakley,63
Movieclips Trailers,63
Full Frontal with Samantha Bee,63
How To Cook That,62
GQ,62
Nerdwriter1,62
Jackie Aina,62
Paramount Pictures,62
Britain's Got Talent,61
National Geographic,61
The Daily Show with Trevor Noah,61
Business Insider,60
emmymadeinjapan,60
Atlantic Records,60
TMZ,59
MeghanTrainorVEVO,59
Disney Movie Trailers,59
Marzia,59
Jenny Nicholson,59
Team Edge,59
RM Videos,59
SiaVEVO,58
MatthewSantoro,58
Teen Vogue,58
JunsKitchen,58
CalumScottVEVO,58
Breakfast Club Power 105.1 FM,58
The Infographics Show,58
ShawnMendesVEVO,58
TroyeSivanVEVO,57
AnthonyPadilla,57
JennaMarbles,57
BuzzFeed Celeb,57
IGN,56
Carli Bybel,56
Wendy Williams,56
Kelly Clarkson,56
FaZe Rug,56
Anwar Jibawi,56
TheReportOfTheWeek,56
FC Barcelona,56
Papa Jake,55
John Campea,55
Wendover Productions,55
BostonDynamics,55
Lionsgate Movies,54
PBS Eons,54
Diplo,54
ChainsmokersVEVO,54
MLG Highlights,53
Rooster Teeth,53
Guardian News,53
Simply Nailogical,53
Lip Sync Battle,52
Epicurious,52
CBS Los Angeles,51
Casey Holmes,51
Jaiden Animations,51
zefrank1,50
Glam&Gore,50
CAguileraVEVO,50
Kandee Johnson,50
Numberphile,49
TaylorSwiftVEVO,49
Red Bull,49
Gabbie Hanna,49
Glamour Magazine,48
Doug DeMuro,48
Alan Walker,48
MinuteEarth,48
Gibi ASMR,48
Bleacher Report,47
ANDREW HUANG,47
Anna Akana,47
ViralHog,47
The Game Theorists,47
Food Wishes,47
Cobra Kai,47
MyHarto,47
Ed Sheeran,47
Wong Fu Productions,46
Jaclyn Hill,46
A24,46
USA TODAY,46
VH1,46
BBCRadio1VEVO,46
ProZD,46
Daily Dose Of Internet,46
Amazon Studios,46
ONE Media,46
ImagineDragonsVEVO,45
Liza Koshy,45
Cole and Marmalade,45
David Guetta,45
ScreenJunkies News,44
SamSmithWorldVEVO,44
The Hollywood Reporter,44
Lauv,44
Skip and Shannon: UNDISPUTED,44
JenniferLopezVEVO,44
MSNBC,43
CalvinHarrisVEVO,43
JerryRigEverything,43
The Food Ranger,43
Fox News,43
ArianaGrandeVevo,43
DamonAndJo,43
Lucas and Marcus,43
carrieunderwoodVEVO,42
grav3yardgirl,42
Zoella,42
The Real Daytime,42
LIVEKellyandRyan,42
videogamedunkey,42
Janelle Monáe,42
theneedledrop,42
TBS,41
Call of Duty,41
SZAVEVO,41
bill wurtz,41
Clevver Style,41
BBC Earth,40
Clash Royale,40
KeithUrbanVEVO,40
Allure,40
Christen Dominique,40
Dancing With The Stars,40
CNET,40
Disney•Pixar,40
The Action Lab,40
NickiMinajAtVEVO,40
SigridVEVO,40
CBC News,39
Tech Insider,39
ZaynVEVO,39
Klossy,39
Architectural Digest,39
Associated Press,39
Fueled By Ramen,39
Jeremy Jahns,39
BANGTANTV,39
FlorenceMachineVEVO,38
The CW Television Network,38
BBC,38
jeffreestar,38
jennxpenn,38
Clevver News,37
BBC Three,37
Apple,37
The Scran Line,37
merrelltwins,37
The Official Pokémon YouTube Channel,37
Ladylike,37
jacksepticeye,37
Marshmello,37
Hevesh5,36
BuzzFeed Nifty,36
Hulu,36
Variety,36
Brad Mondo,36
ELLE,36
Big Marvel,36
Primitive Technology,36
CNBC,35
Davie504,35
HalseyVEVO,35
Because Science,35
Eater,35
Sylvia Gani,35
Feast Of Fiction,35
Sailor J,35
JamesBayVEVO,35
DALLMYD,35
DanTDM,34
Jason Derulo,34
Desi Perkins,34
Madelaine Petsch,34
Maroon5VEVO,34
JelloApocalypse,34
Good Mythical MORE,34
Simon and Martina,34
Rita Ora,34
justintimberlakeVEVO,34
Liza Koshy Too,34
Panic! At The Disco,34
Genius,33
CamilaCabelloVEVO,33
EminemVEVO,33
Chris Stuckmann,33
C-SPAN,33
truTV,33
1MILLION Dance Studio,33
Kitchen Nightmares,33
AlishaMarie,32
EnriqueIglesiasVEVO,32
VICE News,32
Thomas Sanders,32
TheSorryGirls,32
Doctor Mike,32
ChrisStapletonVEVO,32
SB Nation,32
ElleOfTheMills,32
Condé Nast Traveler,32
5SOSVEVO,32
ConnorFranta,32
Impulse,32
How to DAD,32
MalumaVEVO,32
FoxStarHindi,32
Mark Rober,32
Shawn Mendes,31
TED,31
Ryland Adams,31
GoPro,31
GEazyMusicVEVO,31
PBS NewsHour,31
Lindsey Stirling,31
Molly Burke,30
Camila Cabello,30
Brian Hull,30
Cardi B,30
SugarlandVEVO,30
Kanye West - Topic,30
Peter McKinnon,30
Fortnite,30
U2VEVO,29
DisneyMusicVEVO,29
杰威爾音樂 JVR Music,29
KaceyMusgravesVEVO,29
Hope For Paws - Official Rescue Channel,29
Discovery UK,29
MyLifeAsEva,29
Lisa Eldridge,29
Yes Theory,28
Matthias Wandel,28
MiguelVEVO,28
johnmayerVEVO,28
NBC,28
CGP Grey,28
FX Networks,28
Selena Gomez,28
DONG,28
Taylor Nicole Dean,28
BackstreetBoysVEVO,27
TheOdd2sOut,27
TinasheOfficialVEVO,27
ScreenPrism,27
SelenaGomezVEVO,27
LadyGagaVEVO,27
SuperCarlinBrothers,27
Tina Yong,27
Vat19,27
The Royal Family Channel,27
Primitive Survival Tool,26
IFC Films,26
RemyMaVEVO,26
The Talk,26
NHL,26
Rob Scallon,26
Al Jazeera English,26
Alissa Ashley,26
Daisy Marquez,26
Cracked,26
Mental Floss,26
Laura in the Kitchen,26
Bachelor Nation on ABC,26
UFC ON FOX,26
Don Diablo,26
FifthHarmonyVEVO,26
Google,26
RomanAtwoodVlogs,26
Nerdist,25
FallOutBoyVEVO,25
Joey Graceffa,25
LiamPayneVEVO,25
ChildishGambinoVEVO,25
OmarGoshTV,25
euronews (in English),25
Walt Disney Animation Studios,25
Practical Engineering,25
NickJonasVEVO,25
GraceVanderWaalVEVO,25
ABC News (Australia),25
DemiLovatoVEVO,25
Daddy Yankee,25
Mayim Bialik,25
ElectroBOOM,25
Sidemen,25
Miranda Sings,25
FiftyShadesVEVO,25
miniminter,25
Dragonfoxgirl,24
Harper's BAZAAR,24
LastWeekTonight,24
Logan Paul Vlogs,24
Poppy,24
Dan And Shay,24
ABC Television Network,24
Queen Naija,24
Morgan Adams,24
KendrickLamarVEVO,24
AntsCanada,24
Chris Smoove,23
davematthewsbandVEVO,23
PlayOverwatch,23
Kanye West,23
CupcakeJemma,23
NCAA March Madness,23
Olivia Jade,23
Taylor Swift,23
Björk,23
Gallant,23
The New Yorker,23
CatCreature,23
NBA on TNT,23
Gordon Ramsay,23
MBCentertainment,23
Linkin Park,23
amc,23
MTV,23
GeorgeEzraVEVO,23
Kaplamino,23
The Grand Tour,23
Physics Girl,22
Kayley Melissa,22
PewDiePie,22
Nat Geo WILD,22
JOLLY,22
RealLifeLore,22
"Tyler, The Creator",22
E! Live from the Red Carpet,22
heyitsfeiii,22
Vsauce2,22
Bebe Rexha,22
PatrickStarrr,22
Battle Universe,22
5-Minute Crafts,22
FORMULA 1,22
ByronTalbott,22
Helpful Vancouver Vet,22
Casually Explained,22
Bleecker Street,22
Waterjet Channel,22
Real Madrid C.F.,22
todrickhall,22
CelineDionVEVO,22
The White House,21
Comedy Central,21
Jeopardy!,21
John Mayer,21
Nikita Dragun,21
Sara Dietschy,21
camelsandfriends,21
FOX Sports,21
Butch Hartman,21
Nicol Concilio,21
It's Okay To Be Smart,21
SnoopDoggVEVO,21
TRL,21
MustardVEVO,20
ChvrchesVEVO,20
Hamilton: An American Musical,20
BURGER KING,20
My Virgin Kitchen,20
Josh Groban,20
Jake Paul,20
MigosVEVO,20
PressTube,20
BeckyGVEVO,20
The Sims,20
TV Promos,20
Denitslava Makeup,20
Philip DeFranco,20
KhalidVEVO,20
keshaVEVO,20
AzealiaBanksVEVO,20
Munchies,20
Jonathan Morrison,20
Jess Glynne,20
DidYouKnowGaming?,20
Tested,20
Disney Parks,20
MLB,20
Tanya Burr,20
NickyJamTV,20
Jack and Dean,20
Tia Mowry's Quick Fix,20
UFC - Ultimate Fighting Championship,19
fosterthepeopleVEVO,19
Beme News,19
Hunter Hayes,19
Lucas,19
Colleen Vlogs,19
Dobre Brothers,19
Eh Bee Family,19
Prince,19
CalebCity,19
5FDPVEVO,19
Buttered Side Down,19
Today I Found Out,19
ABC Action News,19
Julien Solomita,19
Engineering Explained,19
NiallHoranVEVO,19
Colleen Ballinger,19
HollywoodLife,19
Shoshana Bean,19
1theK (원더케이),19
Rudimental,19
TheWeekndVEVO,19
Kylie Cosmetics,19
JasonAldeanVEVO,19
Ingrid Nilsen,19
Tim Milgram,19
AdelaineMorin,19
Billie Eilish,19
KKandbabyJ,19
KatyPerryVEVO,18
Fleur DeForce,18
NJ.com,18
Cosmopolitan.com,18
WatchMojo.com,18
SomeThingElseYT,18
TechSmartt,18
J. Cole,18
CBS Miami,18
FightHype.com,18
Portugal. The Man,18
Mike Shinoda,18
ChloexHalleVEVO,18
AbrahamMateoVEVO,18
Peter Brown,18
Ariana Grande`,18
MamaMiaMakeup,18
Nicki Minaj,18
YouTube Spotlight,18
Inanna Sarkis,18
iHasCupquake,18
Carter Sharer,18
PinkVEVO,18
Blossom,18
Karina Garcia,18
Andre Black Nerd,18
Pixielocks,18
Wassabi Productions,18
fantano,18
H O N N E,18
Natalies Outlet,18
Channel Awesome,18
H3 Podcast Highlights,18
TWICE JAPAN OFFICIAL YouTube Channel,18
SPORTSNET,17
GingerPale,17
Chloe x Halle,17
USA Gymnastics,17
Gigi Gorgeous,17
5MadMovieMakers,17
Boldly,17
SmarterEveryDay,17
Chubbyemu,17
DaveHax,17
STARZ,17
PolyMatter,17
Simply Not Logical,17
BrettYoungVEVO,17
Jess Conte,17
EllieGouldingVEVO,17
FoundFlix,17
Olympic,17
Townsends,17
BillieEilishVEVO,17
Bobby Bones,17
McDonald's,17
Magnolia Pictures & Magnet Releasing,17
I Like To Make Stuff,17
STX Entertainment,17
ToniBraxtonVEVO,17
Asian Boss,17
SabrinaCarpenterVEVO,17
Australian Open TV,17
JuliaMichaelsVEVO,17
Blue Origin,17
How To Make Everything,17
Ranz Kyle,16
Special Books by Special Kids,16
Joan Kim,16
standupmaths,16
clothesencounters,16
weezer,16
Sprinkleofglitter,16
Science Magazine,16
The Bella Twins,16
BBC America,16
Laura Kampf,16
FliteTest,16
Jenn Im,16
Beats 1 Radio,16
Microsoft Surface,16
MLive,16
Wall Street Journal,16
ChrisYoungVEVO,16
Cammie Scott,16
HowToBasic,16
KylieMinogueOnVEVO,16
NASA Jet Propulsion Laboratory,16
SuperwomanVlogs,16
Man About Cake,16
Illumination,16
Nikki Glamour,16
T-Mobile,16
AlishaMarieVlogs,16
Living Big In A Tiny House,16
Kensuke Koike,16
Carrie Underwood,16
SUPERFRUIT,15
Unecht Erfunden,15
Tyler Williams,15
E! News,15
Strange Parts,15
KaneBrownVEVO,15
America's Got Talent,15
The Official Pokémon YouTube channel,15
Mason Ramsey,15
ThatcherJoe,15
iamAURORAVEVO,15
Comicbook.com,15
GreatScott!,15
MeganBatoon,15
Berd,15
Major Lazer,15
Jason Mraz,15
Global Road Entertainment,15
RoadsideFlix,15
Erika Costell,15
Gentle Whispering ASMR,15
acaciacutie,15
Tyler Stalman,15
Reaction Time,15
The Weeknd,15
mmschocolate,15
Charlie Corts,15
Nicole Guerriero,15
FOX 17 WXMI,15
Deep Look,15
LukeBryanVEVO,15
jessiepaege,15
The Wendy Williams Show,15
AzzyLand,15
Matt Bentkowski,15
Hometalk,15
Bruno Mars,15
Bill Gates,15
Google Developers,15
Omaze,15
Highlight Heaven,15
NASA Goddard,15
SiriusXM,15
Sam O'Nella Academy,15
Access,15
DrakeVEVO,14
Merrell Twins Live,14
Gorillaz,14
SUMERIAN,14
Extra Credits,14
PostmodernJukebox,14
"Rock me, Joey Santiago.",14
Keke Palmer,14
BØRNSmusicVEVO,14
RachhLoves,14
TheMeanKitty,14
Steve1989MREInfo,14
Topi The Corgi,14
HACKADAY,14
Trailers Promos Teasers,14
Sugar Pine 7,14
Blake Shelton,14
Mamrie Hart,14
Clean Bandit,14
Veritasium,14
Disney On Broadway,14
AmazingPhil,14
FOOD INSIDER,14
3Blue1Brown,14
SnowPatrolVEVO,14
Bobby Duke Arts,14
Sonic the Hedgehog,14
TiffyQuake,14
FoxSearchlight,14
Nickelodeon,14
Talking Kitty Cat,14
Maggie Lindemann,14
Mr Sunday Movies,14
LaMadelynn,14
DJKhaledVEVO,14
Access Hollywood,14
Lenarr Young,14
ignoramusky,14
SHAYTARDS,14
PrettyMuchVEVO,14
Sister Circle Live,14
Omeleto,14
CNNMoney,14
Ben Katz,14
WE tv,13
BrainfooTV,13
CBS New York,13
Samsung,13
Tanner Fox,13
Doug Ellison,13
Ben Pluimer,13
Troom Troom,13
oregon,13
CrossFit®,13
Shay Mitchell,13
devinsupertramp,13
WHAT'S INSIDE? FAMILY,13
Ellie and Jared,13
Clicknetwork,13
Business Insider UK,13
the Hacksmith,13
Warped Perception,13
Kris Harbour,13
GPhase,13
Looper,13
Major League Soccer,13
XAmbassadorsVEVO,13
Zach King,13
Jessica Clements,13
The X Factor UK,13
Third Leg Studios,13
League of Legends,13
boogie2988,13
Vance Joy,13
Dua Lipa,13
G-Eazy,13
samfryltd,13
Ten Second Songs,13
austinmcconnell,13
Kim Kardashian West,13
Никита Ордынский,13
K-MUSIC,13
Everyday Astronaut,13
TmarTn2,13
Macklemore LLC,13
LecraeVEVO,13
United Launch Alliance,13
Film Independent,13
JOE.ie,13
officialcharlixcx,12
LexusVehicles,12
SELF,12
My Self Reliance,12
Dani Ochoa,12
ZEDDVEVO,12
J.J. McCullough,12
Roxette Arisa,12
AnimalWised,12
GameXplain,12
LewisCapaldiVEVO,12
PeopleTV,12
Christina Aguilera,12
LukeCombsVEVO,12
Cimorelli,12
Calvin Klein,12
MaggieRogersVEVO,12
Kid Rock,12
TechRax,12
Michael Dapaah,12
GRB rally,12
Kitty Hawk,12
Jon B.,12
dodieVEVO,12
The king of DIY,12
MariahCareyVEVO,12
VICELAND,12
News 5 Cleveland,12
Gerry Litwin,12
Freedom of the Press Foundation,12
Lucy Moon,12
Bramty Juliette,12
PBS Space Time,12
Leroy Sanchez,12
johnlegendVEVO,12
Bethany Wilhelm,12
googledoodles,12
notnotryan,12
CBS Sunday Morning,12
圧倒的不審者の極み!,12
TheTimTracker,12
DuckSoss,12
Dolan Twins,12
Ultra Music,12
Dr. Sandra Lee (aka Dr. Pimple Popper),12
marshmello,12
JohnNewmanVEVO,12
Cat Man Chris,12
Annapurna Channel,12
Whistle Sports,12
Billy Graham Evangelistic Association,12
SHOWTIME Sports,12
Claire Marshall,12
JackWhiteVEVO,12
Recanto Ecológico Rio da Prata,12
Seonkyoung Longest,12
SadeVEVO,12
PsychoSoprano,11
BUILD Series,11
BBC Sport,11
Nile Wilson,11
Green Day,11
Theme Park Review,11
radiodisney,11
Kristen Hancher,11
TMZSports,11
Famous Celebrities Snaps,11
Jimmy Built,11
Jack Coyne,11
CatPusic,11
Mean Girls on Broadway,11
FreeDawkins,11
Pepsi,11
Kacey Musgraves - Topic,11
AusAntarctic,11
The Rock,11
Saint Louis Chess Club,11
Johnny Jansen,11
TechCrunch,11
thataylaa,11
Maddie Ziegler,11
Kyle Jennermann,11
Iris,11
CJENMMUSIC Official,11
doddleoddle,11
AlisonWonderlandVEVO,11
YBF Chic,11
Just Between Us,11
DragTimes,11
Riverdale,11
ThomasRhettVEVO,11
The Atlantic,11
Battle Universe!,11
HyundaiUSA,11
Mark Wiens,11
ShibSibs,11
OVO Sound,11
KYLE HANAGAMI,11
Drew Lynch,11
TurboTax,11
Funny Or Die,11
Alex French Guy Cooking,11
brutalmoose,11
TheScriptVEVO,11
VICE,10
JayRockVEVO,10
Los Angeles Times,10
Niki and Gabi,10
ToriKellyVEVO,10
blayze999,10
HANSE 한세,10
Nyma Tang,10
BT Sport,10
A&E,10
Official Charts,10
Kylie Jenner,10
wdwmagic,10
Waymo,10
CBS,10
Patricia Bright,10
Techquickie,10
The Deal Guy,10
N W,10
Philly D,10
Braille Skateboarding,10
IncubusVEVO,10
WINNER,10
Foot Locker,10
Eric Strebel,10
amazon,10
Tide,10
Dave Lee,10
Zebra Corner,10
PitbullVEVO,10
Disney Descendants,10
Liverpool FC,10
Global News,10
Wouldn't Change a Thing,10
Violin MD,10
CBS Evening News,10
FOX,10
Tiffany Day,10
Mercury News,10
Lorraine,10
LOOK MUM NO COMPUTER,10
Nike,10
IGN News,10
ScatterBrain News,10
Arden Rose,10
mugumogu,10
LuisFonsiVEVO,10
LadBaby Official,10
Motion Station,10
Moulin Rouge! the Musical,10
bulletvalentineVEVO,10
Rapid Trailer,10
Shawn Johnson East,10
Tom Daley,10
littlemixVEVO,10
WUSA9,10
ITV,10
HANSON,10
The Orchard Movies,10
MYSTERY SCIENCE THEATER 3000,10
The Cuddle Squad,9
Barcroft Animals,9
The Joint Forces Channel,9
Rapid Highlights,9
JackJohnsonVEVO,9
Swish Daily,9
This Might Get,9
All is Art,9
INQUIRER.net,9
Momentum Pictures,9
EvanescenceVEVO,9
David Dobrik,9
Luke Korns,9
Inside the Magic,9
Capital FM,9
Quicken Loans,9
SB-LII Commercials,9
Lyft,9
LustreLux,9
Shameless Maya,9
Doctor Who,9
NFL Network,9
Steve TV Show,9
shane,9
ESPN UK,9
Jordan Wilson,9
The Oregonian,9
R3HAB,9
NFVEVO,9
CamVEVO,9
cheeseandjamsandwich,9
Keyboard Cat,9
Jeep,9
Horizon Productions SFL,9
stacyvlogs,9
BenTheBondsman,9
NewsFunnies,9
Crusoe the Celebrity Dachshund,9
People are Awesome,9
Allie Glines,9
Gemma Stafford,9
Just Jared Jr,9
Mike Austin,9
Michelob ULTRA,9
Step Up: High Water,9
Motherboard,9
Missouri Star Quilt Company,9
Blonded,9
Mark Sales,9
Spotify,9
nickjonas,9
Kylie Minogue,9
BonJoviVEVO,9
Sabrina Claudio,9
Muse,9
Lil Wayne,9
kehlani parrish,9
Tesla,9
DrinkBODYARMOR,9
Monster Cable Products,9
The Key of Awesome,9
CaptainDisillusion,9
Pinball Wiz,9
HaileeSteinfeldVEVO,9
Sriram Murali,9
The Weather Channel,9
The ACE Family,9
Huxley Berg Studios,9
MNEKVEVO,9
Animal Adventure Park,9
NoahCyrusVEVO,9
Derek Hough,9
The Royal Family,9
Ram Trucks,9
Rebel Wilson,9
NASCAR,9
Maymo,9
The Pet Collective,9
Australia,9
New Orleans Saints on NOLA.com,9
littlerobotgirl,9
XenonJohn,9
Hudson Moore,8
WaterTower Music,8
Collins Key,8
This Is Us,8
Senator Chris Murphy,8
IFC,8
Ben Actis,8
BETNetworks,8
Lindsay Webster,8
Fox Business,8
MOMOMOYOUTHVEVO,8
Applied Science,8
Dwarf Mamba,8
Brent Pella,8
Vinheteiro,8
Star Wars Coffee,8
vnbreyes,8
KBSKpop,8
Royal Blood,8
OWN,8
Dawid Szmandra,8
Snapchat,8
Oscars,8
Pitch Perfect,8
Trace Cyrus,8
Mary Giannone,8
Kristin Johns,8
Tessa Violet,8
Roy Moore for Senate,8
H&M,8
Healthcare Triage,8
Real Engineering,8
Revolt TV,8
Top Korean News,8
The Valleyfolk,8
iggyazaleamusicVEVO,8
Fancy Vlogs By Gab,8
Rclbeauty101,8
Adult Swim,8
Piece Of Me Tour Planet Hollywood,8
TheAngryGrandpaShow,8
Paramount Network,8
DIY Perks,8
SKITTLESbrand,8
KBAK - KBFX - Eyewitness News - BakersfieldNow,8
ParsonJamesVEVO,8
StingVEVO,8
Sufficiently Advanced,8
UEFA.tv,8
New York Daily News,8
Just Wow me,8
TheInternetVEVO,8
Reach Records,8
TromaMovies,8
Edward Avila,8
Attaullah Malik,8
Samantha Maria,8
SeanPaulVEVO,8
Strange incident,8
ALL URBAN CENTRAL,8
Katzun,8
Jesse,8
nothorwitzer,8
WildTurkeyBourbon,8
ThirtySecondsToMarsVEVO,8
Pick Up Limes,8
theCHIVE,8
UrAvgConsumer,8
CrashRacing,8
Malik Nabee,8
Cody'sLab,8
Movieclips Coming Soon,8
Doug Jones for Senate,8
YTN NEWS,8
Scotty Kilmer,8
Alex Meyers,8
LifeAccordingToJimmy,8
ColdFusion,8
Vevo,8
Tpindell,8
RetroManCave,8
NIXOLAS,8
Chris Reinacher,8
Conan Gray,8
Diet Coke,8
Shade 45,8
Carla Resendiz,8
Freddie Twenty,8
slaymeclarkson c:,8
Duston Ward,8
Tom Stanton,8
Mitchell Moon,8
Eva Lunde Bentley,8
Chilly Willy,8
matt,8
Squirrel Monkey,8
Youtube Tea,8
LavenderTowne,8
The Telegraph,8
Cards Against Humanity,8
Turn10Studios,8
foofightersVEVO,8
LIL UZI VERT,8
Paweł Zadrożniak,7
Barstool Sports,7
Jessica Vu,7
NOLA.com,7
Warner Bros. UK,7
HouzzTV,7
JP & Julia,7
BerkleyLovesTori,7
BeckVEVO,7
StudiocanalUK,7
ScottyMcCreeryVEVO,7
BrantleyGilbertVEVO,7
FrenchMontanaVEVO,7
Pokémon GO,7
Recording Academy / GRAMMYs,7
Rob Bliss,7
Parks and Recreation,7
hp_overload,7
jenniferhudsonVEVO,7
Toyota Global,7
TheUnlockr,7
MGMTVEVO,7
MrBeast,7
PhakeNam,7
Guy Tang,7
Turkish Airlines,7
Open Road Films,7
Alesso,7
shakiraVEVO,7
Campo Santo Productions,7
Mnet K-POP,7
mariahxlambily,7
The1975VEVO,7
A Chick Called Albert,7
Beyond The Trailer,7
Circus HalliGalli,7
New England Patriots,7
alt-J,7
Dancing On Ice,7
WXYZ-TV Detroit | Channel 7,7
Will Darbyshire,7
Mashed,7
ThreeDaysGraceVEVO,7
Tom Harlock,7
OK Go,7
Kraft Brand,7
DJSnakeVEVO,7
Demi Lovato,7
Toyota USA,7
adidas Football,7
GamingWithJen,7
mittromney,7
Chicago Sun-Times,7
ELLEUKTV,7
FunForLouis,7
PONY Syndrome,7
Sauber F1 Team,7
Corinne Leigh,7
Nickelback,7
Graham The Christian,7
Kylie Moy,7
Beats by Dre,7
Martin Garrix,7
Alpha Entertainment,7
AIA awards,7
Land Rover,7
Alto's Adventure,7
Kia Motors America,7
Function,7
Brat,7
MassLive,7
hwow,7
Alec Steele,7
KFC,7
Mercedes-AMG Petronas Motorsport,7
TNT,7
Victoria's Secret,7
TheBackyardScientist,7
shgurr,7
Bud Light,7
Bethel Music,7
Grandpa Kitchen,7
Legendary,7
MrTreknation,7
Netflix Asia,7
Groupon,7
KygoOfficialVEVO,7
Budweiser,7
Marco Reps,7
lara6683,7
Alex Gilbert,7
Gcincorp Ecommerce and Real Estate,7
ASMR Darling,7
ABC7,7
Freddie Lister,7
CMT,7
Tanner Braungardt,7
Wengie,7
Max Fagin,7
New Amsterdam,7
Chris Turner,7
Orion Pictures,7
Kitten Lady,7
Zendaya,7
John Maclean,7
Samsung Mobile USA,7
WTHR,7
Persil ProClean,7
NBA Highlights · YouTube,7
Cody'sBLab,7
Tony Baker Comedy,7
hudsonunionsociety,7
CYNVEVO,7
RAP DAILY,7
Christopher Davis,7
akidearest,7
Jake Roper,7
LoeyLane,7
The Ohana Adventure,7
TheOdd1sOut,7
Bret Baier,7
Verizon,7
Good Morning Britain,7
Max Skipper,7
Passenger,7
WFLA News Channel 8,7
David Sistaro,7
Dj Earworm,7
Yoga With Adriene,7
Millie T,7
Beats 1 on Apple Music,7
Andrew Lowe,7
ChrisBrownVEVO,7
BrasherN,7
Animal Planet,7
Entertainment Weekly,6
Smyang Piano,6
LouisTomlinsonVEVO,6
The 2x Family,6
"One List , One Life",6
Despierta América,6
OlanRogers,6
Radio Andy,6
AnselElgortVEVO,6
Let Me Explain Studios,6
automotivemaster1972,6
DanAndPhilGAMES,6
Sport Hub,6
PeterSripol,6
Ricky Dillon,6
EA SPORTS FIFA,6
Muselk,6
tonyvera1902,6
World Eyes,6
It's a Southern Thing,6
RagnBoneManVEVO,6
MTV International,6
Recode,6
Sports Illustrated,6
ThePianoGuys,6
CBS Chicago,6
Ryan Is Driving,6
Dorkly,6
Pomegranate Sunshine,6
The Warp Zone,6
souviendra,6
heroedelahistoria,6
NFL World,6
AviciiOfficialVEVO,6
KISS FM UK,6
Walking With Giants,6
Summoning Salt,6
Lil Peep,6
BleachersVEVO,6
Candide Thovex,6
Brian Klug,6
Hayley Kiyoko,6
Ryan Northover,6
Elton John,6
MoorInfo,6
India Love,6
The Tommy Edison Experience,6
Miss Universe,6
gzumwalt,6
JamesBlakeVEVO,6
Jessica Kellgren-Fozard,6
doddlevloggle,6
Whitney Avalon,6
Seth's Bike Hacks,6
VOsprey22,6
Pittsburgh Dad,6
Vlogs By DK4L,6
JheneAikoVEVO,6
PB Comps,6
Bob Przybylo,6
LissieVEVO,6
grandayy,6
Matt and Kim,6
Pac-12 Networks,6
NZPoliceRecruitment,6
Jason Yu,6
JK Brickworks,6
GohmertTX01,6
Austin Burk,6
Keith Urban,6
ChangeofplanZ,6
cicigoodies2011,6
DunkFest,6
4given4ever1,6
Manny Mua,6
cgriesemer,6
BellaThorneVEVO,6
KIND Snacks,6
Honda,6
gamelovercommercials,6
X Games,6
Asthmatic Kitty Records,6
I.T. Channel,6
voordeel,6
GwenStefaniVEVO,6
Henry Prince Mak,6
Slooh,6
PlayStation,6
See You Yang,6
FIFATV,6
AvE,6
KFlayVEVO,6
Hazel Hayes,6
BishopBriggsVEVO,6
Newsflare,6
East Idaho News,6
Solid Gold Aquatics,6
Cleveland Cavaliers on cleveland.com,6
Moby,6
MAZELEE,6
RickyMartinVEVO,6
Anew Start,6
Blurred Culture,6
DreamWorksTV,6
The Alex Jones Channel,6
TRYANGLE FILMS,6
reputationswift,6
communitychannel,6
NitroV2,6
Bloomberg Politics,6
BachelorsPadTv,6
Josh Levine,6
LD Entertainment,6
DreamCastle_629,6
Michael Callaghan,6
HarryStylesVEVO,6
The Square to Spare,6
CHRIS-RS,6
To Scale:,6
Quartz,6
Huw Parkinson,6
Paris Hilton,6
Ryan Davidson,6
Marie McGann,6
Pero Like,6
Kotaku,6
Newsy,6
Technomanila,6
ET Canada,6
PLAYERUNKNOWN'S BATTLEGROUNDS,6
The Thought Emporium,6
WhatCulture Wrestling,6
Evan Edinger,6
KipMooreVEVO,6
thegameawards,6
DaHoopSpot Productions,6
Aunty Donna,6
Jacob Collier,6
Bruce Land,6
Awkward Puppets,6
JonTronShow,6
CrashCourse,6
Máquina Voadora,6
Elvis Duran Show,6
Sound Bites,6
HOT 97,6
Onur Altuğ Sever,6
EltonJohnVEVO,6
Smequle,6
David Archuleta,6
Wallows,6
Sam Chui,6
Mike Diva,6
Makeupshayla,6
eLL cartoons,6
3D Printing Nerd,6
Dennis Kapatos,6
영국남자 Korean Englishman,6
Philadelphia Eagles,6
SodaStream,6
Scotty Sire,6
BaconLegs,6
barnabydixon,6
ワーナー ブラザース 公式チャンネル,6
Adam Smith,6
Mikey Murphy,6
TheCubician,6
Christine Sydelko,6
Mashable Daily,6
MoreZoella,6
MaccabeatsVideos,6
melodysheep,5
Guldies,5
Prime Video,5
TheVampsVEVO,5
Anthem Game,5
NinaNesbittMusicVEVO,5
StarTalk,5
Bethany Mota,5
Hush Kit,5
BeOurGuest,5
Feelunique,5
Summit,5
Renault Sport,5
Kelly Eden,5
PESfilm,5
CrowsEyeProductions,5
Troye Sivan,5
British Vogue,5
Alabama Crimson Tide on AL.com,5
TobyMacVEVO,5
Sam Sheffer,5
David Windestal,5
Big Cat Rescue,5
Be Amazed,5
Chris Rosa,5
TV One,5
Errant Signal,5
Emirates,5
BreakingBenjaminVEVO,5
Song Of Style,5
Shesez,5
EA SPORTS,5
The 1975,5
Forgotten Weapons,5
DonDiablo,5
JoergSprave,5
730 WVFN,5
The Ringer,5
Popcorn with Peter Travers,5
Tryst Network,5
HvdH-Plane-Spotter,5
Lofty Pursuits,5
NBA on ESPN,5
Royal Academy of Arts,5
Zach Simmons,5
Aymeric Favard,5
LaToya Forever,5
John Sellars,5
The Sports King,5
engineerguy,5
UJ,5
Jessii Vee,5
Cody'sLab Backup,5
MN khan,5
ombremor,5
Howl Of A Dog,5
Adam's Apple,5
Tina Nguyen,5
Symon,5
JamesAVEVO,5
Terrormink,5
Sports Lovers n1,5
TraceyThornVEVO,5
Caspar,5
This Morning,5
HQVideoDude,5
MisterWivesVEVO,5
Ryan Canty,5
Big Ten Network,5
COVERGIRL,5
Rainer Hilland,5
Lifetime,5
Jalopnik,5
Patrick Nan,5
AT&T,5
PHP,5
Battlefield,5
Jessica Braun | JAMbeauty89,5
BLACKPINK,5
Adam Neely,5
Movie Munchies,5
Chris Lee,5
West Midlands Police,5
Ryan Williams,5
Abroad in Japan,5
IAmAnneMarie,5
officer401,5
Cam'ron,5
BRIGHT SIDE,5
Cultaholic,5
Braxen McConnell,5
Amazon.co.uk,5
Carly and Erin,5
sWooZie,5
Esther Bellido,5
Now You See It,5
D3sports.com,5
CFL Insider,5
The Sydney Morning Herald,5
NBA Stats All Seasons,5
Adult Swim UK,5
TimandFaithVEVO,5
BBALLBREAKDOWN,5
Darren Criss,5
ilikeweylie,5
PointlessBlogVlogs,5
Rachelleea,5
lisbug,5
Bravo,5
Tim Gray,5
SIRAH,5
KATC,5
TheKillersVEVO,5
Anthem Lights,5
Loudwire,5
Erin Noelle,5
Voicebot,5
Car Throttle,5
WGA West,5
greyson97,5
KTVU,5
Street Speed 717,5
Unique Vibes,5
Apple Support,5
Pitchfork,5
legofreedom1,5
leonalewis,5
RawBeautyKristi,5
Nathan C,5
42Fab - Metalworking and Multi-Medium Fabrication,5
Sprint,5
Oceana,5
Philadelphia 76ers,5
HaimVEVO,5
Ben Rohrbach,5
ToveLoVEVO,5
MandisaVEVO,5
Chris Hadfield's Rare Earth,5
Vet Ranch,5
DoodleChaos,5
Amber Liu,5
danisnotinteresting,5
BAFTA,5
ODE,5
Andrew Rowland,5
Beth Kobliner,5
The Angie Martinez Show,5
Rella On the radio,5
StoryCorps,5
emma chamberlain,5
"European Space Agency, ESA",5
Wix.com,5
Highsnobiety,5
Kingsley,5
Corridor,5
JohnnyQ90,5
Gustawny,5
JayZVEVO,5
Galantis,5
Lauren Elizabeth,5
Sparkee Music,5
iKON,5
Kevin Noonan,5
Nick Ramos,5
Andre Will Do It,5
MARIO TESTINO,5
Scott Manley,5
RachelPlattenVEVO,5
Peloton,5
Conor Maynard,5
The Unipiper,5
DopeBoyTroy,5
Syracuse Orange,5
MGM,5
Fontgod,5
FILMWEBTV,5
TheHoonigans,5
NowThis World,5
Marteen Estevez,5
WhatsUpMoms,5
Beyonce,5
End of Ze World,5
rock on,5
Anna Saccone,5
Twin Shadow,5
Peaceful Cuisine,5
Kyle Gunderson,5
Business InsiderAu,5
Vote The Process,4
The Cincinnati Zoo & Botanical Garden,4
Rainsford,4
U.S. Navy,4
CS Dojo,4
Shmee150,4
Inthefrow,4
The Modern Rogue,4
Technology Connections,4
StanDrawsSpaceships,4
Livia Giustiniani,4
colourpopcosmetics,4
JAY,4
Dustin Penner,4
MrMobile [Michael Fisher],4
ARIKITCHEN (아리키친),4
TheBeatlesVEVO,4
XFL,4
Vic Dibitetto,4
Trevor Wallace,4
Funny New Videos,4
52 Skillz,4
Caravan Carolyn,4
RocketJump Film School,4
Interscope Records,4
Midnight Video,4
MOBO Awards,4
Roadshow,4
thevirts,4
Ján Ilavský,4
Hillsong Worship,4
jbalvinVEVO,4
FloSports,4
Wintergatan,4
Mr Ben Brown,4
Mark Ferris,4
Intuit,4
HARRY,4
AFP news agency,4
Hannah Meloche,4
Spectrum Haleskarth,4
Viva La Dirt League,4
TopClips247,4
"Cyprus Air Heating, Cooling and Fireplaces",4
Karim Jovian,4
Donut Media,4
Southwest Florida Eagle Cam,4
dope2111,4
VideoGameAds,4
Matt Steffanina,4
Sherylcrow,4
Useless Duck Company,4
Milkmen Design,4
The CGBros,4
Techmoan,4
Redline Reviews,4
Exploring Alternatives,4
First Aid Kit,4
Billions,4
Michael Rigsby,4
Nobrand,4
Radio Physics and Electronics,4
Avocados From Mexico,4
Squarespace,4
SR Trailers and Interviews,4
The Current Source,4
MasterClass,4
Maddie Lymburner,4
Golden State Warriors,4
Oscar Fury,4
AmandaMoor & Craft Ideas,4
Movie'n'co UK,4
It's a small world,4
BehindTheSounds,4
Abhishek Singh,4
jeremiah johnson,4
The Lore Master,4
WeatherTech,4
NWSSanDiego,4
Rise,4
Chevrolet,4
BRITs,4
Choir! Choir! Choir!,4
Popular Woodworking,4
Desus & Mero,4
Speks,4
DJI,4
Car Commercials of the Past,4
Specialized Bicycles,4
Torm place,4
Shantell Martin,4
Frank May,4
Carlos Campos,4
startelegramvideo,4
NOVA's Secret Life of Scientists and Engineers,4
FaeryInLoveInc,4
Marcos Horacio,4
Goodwillsandusky,4
POPSUGAR,4
Navenanthen Gepardieu,4
Kortney Steury,4
John Lewis,4
blackbearVEVO,4
MassMutual,4
Kanimuna Kisaka,4
University of Rochester EEOC Complainants,4
60 Minutes,4
joyner lucas,4
Plasma Channel,4
Nathan Robinson,4
Sesame Street,4
Noah Nicholls,4
Daily Davidsons,4
Outback Steakhouse,4
Mike H,4
The Bachelor Insider,4
Halfway Anywhere,4
David Jardine,4
The University of Chicago,4
Daniel Howell,4
FrownsUpsideDown,4
F Milburn,4
Topic,4
Xscape - Topic,4
Clark Zhu,4
CrazyLaughAction,4
Max Hertan,4
Prince Marcus,4
RZSS Highland Wildlife Park,4
Star Wars HQ,4
Billboard News,4
Coca-Cola,4
Emma Massingale,4
Real World Records,4
Kevin Durant,4
Define American,4
CBS Films,4
JuJu Smith-Schuster,4
J Gasser,4
Sailing La Vagabonde,4
Voltfolio,3
MovieAccessTrailers,3
KBS World TV,3
L2inc,3
TheGracieC,3
Empire,3
Masters Of The Sun,3
Like Stories of Old,3
CMAVEVO,3
Nicki Shields,3
WLKY News Louisville,3
VidCon,3
Pies Are Awesome,3
Ivan Miranda,3
The Scam On Demand,3
Saskatchewan Rush,3
Ryan Calme,3
Geoff Mallinson,3
Maker's Box,3
Amarullah Rizky,3
ThisDustIn,3
Cloth Map,3
Chili Klaus,3
shurap,3
Hollyscoop,3
ROME REPORTS in English,3
Izac Less,3
Fifty Shades,3
The Office US,3
Hopeless Records,3
RedCurtainEnt,3
Kevin Rabatin,3
BBC Music,3
FamilyFeud,3
PAC ENTRETENIMENTO / DJ IVAN DAVIS,3
Quad9 DNS,3
Jon Olsson,3
Vat19Nvjds,3
Russell Howard,3
AutoGuide.com,3
JessieJVEVO,3
OneBitMusicVEVO,3
JimBrowski 96HourNews,3
Penguin Books South Africa,3
Mrwhosetheboss,3
SnekTek,3
FailArmy,3
CBS Philly,3
Red Bull Records,3
Na So We See Am,3
Daz Games,3
DrMachakil,3
ATPWorldTour,3
TheJuicyJVEVO,3
Why Don't We,3
Tom Thum,3
Channon Rose Vlogs,3
paul wheaton,3
mayratouchofglam,3
Dish Nation,3
fuzywazacolin,3
Ford Motor Company,3
Kingdom Hearts,3
NoahKahanVEVO,3
RealNewsNetworkMedia,3
Rappler,3
BMW USA,3
Audience Network,3
Adam Whitley,3
National Safety Council,3
Clash of Clans,3
Gregg Peterson,3
greeenpro,3
Estée Lalonde,3
Amelia Liana,3
taalk com,3
Facelesstech,3
Bee Ly TV,3
Canada Soccer,3
RackaRacka,3
HOTSPOTATL,3
Coachella,3
Tentmaker Pictures,3
tovestyrkeVEVO,3
Desimpedidos,3
eba era,3
Mustache Wax,3
Studio MDHR,3
blvck King,3
Zero Media,3
Kevin Stein,3
LiveOverflow,3
Palo Alto Online,3
rollingstoneonline,3
Kat Cunning,3
Chriselle Lim,3
John Varvatos,3
cocheusadoooo,3
Matoma,3
gameslice,3
Daily Caller,3
Lotto New Zealand,3
"But First, Coffee",3
Obama Foundation,3
Any rubbish,3
Disneyland Experience,3
Desktop Makes,3
Funny Commercials,3
Donald J. Trump Topic,3
Tegan and Sara,3
smoothiethecat,3
India Survival Guide,3
dekuNukem,3
Lame Videos,3
Lane Anderson,3
marjolijn2,3
Saved By The Max,3
BenDeen,3
FlyFastandLow,3
Represent.Us,3
lugeyps3,3
FerrasVEVO,3
MK Dons,3
WQAD News 8,3
littleBits Electronics,3
Ben Kronengold,3
Alex Aiono,3
Steeper33,3
kawaiisweetworld,3
SRAM MTB,3
Kita Osaka,3
MITCHELL WIGGS,3
Writers Guild of America East,3
The Players' Tribune,3
RESSENCE WATCHES,3
Helen Anderson,3
UCAN Zippers USA,3
Red Robot - Intelligent Distribution,3
Channel 4,3
Turbo Conquering Mega Eagle,3
"monday.com, formerly dapulse",3
Bethesda Softworks,3
DKDKTV,3
mvt.ias,3
Tamika Hall,3
Michael Bublé,3
flirppy242,3
How It Should Have Ended,3
BowlFullofAwesome,3
iotexpert,3
Video Library,3
Chappell Roan,3
Us Weekly,3
Kerry Wong,3
All Def Digital,3
QUARTZ,3
TkyoSam,3
daronjay,3
Liam Gallagher,3
Campari,3
NASA,3
Duan Mackenzie,3
HALO,3
Atlanta Hawks,3
geicocaveman2012,3
LGR,3
Single Shot,3
kimbramusic,3
9-1-1 on FOX,3
Andy Grammer,2
Ubisoft North America,2
SupremeSounds,2
empireofthesunvevo,2
Electron Dust,2
Sieuwe Elferink,2
Polyphonic,2
PrincessPiaMiaVEVO,2
Amanda Palmer,2
Stefany Gonzalez,2
ekaggrat singh kalsi,2
Ford Europe,2
AlmazanKitchen,2
Hybrid Network,2
X Factor Italia,2
Genuine Survival Research Labs,2
pjmorton,2
Tony Berza,2
SaggyJ,2
HiHo Kids,2
Tim Barrett,2
Domain of Science,2
Haru the Shiba Inu,2
Taras Malyar,2
Penguin Books UK,2
CyclingTips,2
GinWigmoreVEVO,2
MsAaliyahJay,2
Rock & Roll Hall of Fame,2
Catch-Up TV,2
Bloomberg,2
Peter Caine Dog Training,2
Context Information Security,2
Burritoxman,2
GoDucksdotcom,2
Danny Sapko,2
theSkimm,2
Viral Paws,2
Rachel and Jun,2
Bundesliga,2
cineytele,2
LOFTON SHAW,2
Srinath .S,2
Benn and Gear,2
Late Show with David Letterman,2
Frog The Rooster,2
Neil Fraser,2
Rob Andretti,2
Ross Kempsell,2
OjO Commuter Scooter by OjO Electric,2
DraftExpress,2
New York Magazine,2
Auralnauts,2
Shaaanxo,2
Must Love Science,2
In Case You Missed It,2
Banana Culture Music,2
ElbowVEVO,2
razzark666,2
Monster Energy,2
Hak5,2
StorrorBlog,2
Valk Aviation,2
Vostok.bike,2
What I've Learned,2
Stratolaunch,2
NARLtv,2
Duncan Sinfield,2
FundingCircleUK,2
BellatorMMA,2
郭韋辰,2
Cyberpunk 2077,2
Paul Sellers,2
Davey Swatpaz,2
Manifest,2
bigclivedotcom,2
Avocado,2
Joshua Levin,2
MattMasonPhotography,2
Whyte Foxx Music Videos & More,2
Invisible People,2
Flash Rahbbit,2
Itzztonytony,2
Gatorade,2
CrossKut316,2
iDB,2
Crafty Panda,2
neilyoungchannel,2
toofacedcosmetics,2
Slednecks,2
Mercedes-Benz,2
Cleveland Browns,2
monatheband,2
Freemeo,2
negermano,2
MiddleKidsVEVO,2
12 News,2
IsraeliPM,2
Spinach Dippa,2
The Royal Ocean Film Society,2
Chris and Jack,2
kmichelle,2
Hannah Witton,2
Bkav Corp,2
The Nocturnal Alchemist,2
MrNorrisVideos,2
MDNA SKIN,2
SBS TV동물농장x애니멀봐,2
2CELLOS,2
SumerianRecords,2
Barn Sanctuary,2
Dylan Locke,2
Cristi Cristian,2
Sarasota Police Department,2
Confuse News,2
Taylor R,2
astroboy1960,2
Mark Linsangan,2
Mountain Dew,2
Dina Tokio,2
MILCK,2
Mecum Auctions,2
Lamborghini,2
FacelesswithEyesOpen,2
Mom Will Be Proud,2
Radovan Lazic,2
Daelric,2
Doritos®,2
FRANKIEmusicVEVO,2
AirPano,2
lugnutsoldcrap,2
yovo68,2
J S,2
Cartoon Hangover,2
Funny News,2
Brothers Green Eats,1
JarJar Abrams,1
BrianJustinCrum,1
90s Commercials,1
Nahre Sol,1
SiggasNation™,1
TDAmeritrade,1
Blockbuster,1
K Yuen,1
Movieclips Film Festivals & Indie Films,1
Skelly Robot,1
KickThePj,1
Lawrence Livermore National Laboratory,1
Sevdaliza,1
I'm With Her,1
chris lee,1
Science vs Cinema,1
The Inertia,1
Taylor Alexander,1
Grist,1
Jamie Demeter,1
Just Marcus,1
CNLohr,1
David Steuer,1
ladygagaarraza,1
Wendy's,1
PekingDukVEVO,1
Super Netvid,1
KSNV News 3 Las Vegas,1
Dean Anderson,1
CityNews Toronto,1
Total Combat,1
Enter Shikari,1
Bini the Bunny,1
PK Inventor,1
Caterham Cars,1
BTS Videos,1
Aerie,1
Storyful News,1
TrainVEVO,1
Dale Dai,1
CIRCUITBEARD,1
misleadingsilhouette,1
Charles Chan,1
Алексей Навальный,1
CHauserable,1
mike m,1
Hot Dad,1
EVNautilus,1
RiceGum,1
RihannaNavyVevo,1
BillyCrammer,1
Anaki Abo,1
poofables,1
Republican News Watch,1
Ozuna,1
Chris Sturgeon,1
LetsGoWarriors,1
Alicia Keys,1
GrDrtube,1
dannotv,1
Maggie Smith Kühn,1
James Veitch,1
Tamar Chronicles,1
DrakeBellVEVO,1
American Bridge 21st Century,1
Tucker Gott,1
Jenny Hanell,1
Mike Olbinski,1
PetaPixel,1
Hin Nya,1
Talks at Google,1
Owen Harvey,1
Madmorda,1
Shawn,1
UMF TV,1
Katy Perry,1
Caters Clips,1
Xbox,1
Check It Out,1
Guinness World Records,1
Chad Kroeger,1
Commercials Funny,1
Freeform,1
That Japanese Man Yuta,1
Gondwana Collection Namibia,1
SHOWTIME,1
Tu Fan,1
King Princess,1
Pop & Sports HQ,1
TSN Tube,1
Trevor Moran,1
Thomas Sebastian,1
New Scientist,1
Lily Pebbles,1
onsetfacilities.com,1
494ta,1
EntertainmentVevo,1
Steve Kovach,1
JanPaul123,1
revlon,1
David Seymour,1
ТСН,1
Max Joseph,1
CoinDaddy,1
yeokm1,1
Stewart Brand,1
ClovesVEVO,1
Shyrynne,1
WhatsApp Wacky,1
edlover4real,1
BeyondSlowMotion,1
The Anna Edit,1
MickMake,1
shoaib246,1
Missguided,1
So I Had This Idea...,1
PhilPhillipsVEVO,1
MODSUN,1
Mayo Clinic,1
Humble Design,1
Whitney Port,1
Ryan,1
Absolut,1
Frankie Vision,1
bitluni's lab,1
Birdbox Studio,1
